"movie_names.movie.","movie_ids.movie.","youtubeContent.items.id.videoId","youtubeContent.items.snippet.publishedAt"
"Shadow in the Cloud","tt9691136","d041Wa7LJfs","2020-12-10T19:59:16Z"
"The White Tiger","tt6571548","oM-Nw9XzqVM","2020-10-28T14:00:00Z"
"The White Tiger","tt6571548","35jJNyFuYKQ","2020-12-21T15:00:01Z"
"Locked Down","tt13061914","mepeWor5JPk","2021-01-05T17:00:42Z"
"Locked Down","tt13061914","ecF50t2FHSA","2021-01-05T17:12:28Z"
"Locked Down","tt13061914","btY3Lndc3_w","2021-01-05T20:33:24Z"
"Locked Down","tt13061914","CDQH0t6JiS4","2021-01-05T17:11:55Z"
"The Dig","tt3661210","JZQz0rkNajo","2020-12-03T09:00:02Z"
"The Dig","tt3661210","vlYkCIU202o","2020-12-03T10:37:50Z"
"Outside the Wire","tt10451914","u8ZsUivELbs","2021-01-06T16:00:03Z"
"Outside the Wire","tt10451914","iwYhA5YvdNc","2020-12-14T13:00:01Z"
"The Marksman","tt6902332","lEBPNi4bEbc","2020-12-04T01:22:36Z"
"The Marksman","tt6902332","GGut5VHeQEA","2021-01-05T11:44:44Z"
"The Ultimate Playlist of Noise","tt11268742","Zi6jogV6pLg","2020-12-16T18:04:33Z"
"The Ultimate Playlist of Noise","tt11268742","u2_S8ZLSD7g","2020-12-16T18:48:47Z"
"Don't Tell a Soul","tt8046498","K_psaWMw7wE","2020-11-17T17:59:27Z"
"Our Friend","tt9608818","jvOX0J1Nwrw","2020-11-24T03:44:50Z"
"Our Friend","tt9608818","Dw0vsihPcSU","2021-01-07T16:21:08Z"
"Our Friend","tt9608818","DllUzIueITg","2020-11-24T15:14:25Z"
"Born a Champion","tt10661710","JHEU8myNazc","2020-11-20T19:54:32Z"
"Wrong Turn","tt9110170","lZSHoyjd8Oc","2020-12-29T13:06:15Z"
"Wrong Turn","tt9110170","ccaNMcPqpQ0","2020-12-16T17:51:50Z"
"Penguin Bloom","tt6317656","3D0PlwGIyW0","2021-01-08T18:00:01Z"
"Penguin Bloom","tt6317656","q7eZEZHRrVg","2020-12-04T01:28:52Z"
"Penguin Bloom","tt6317656","CdpAKDi5KYU","2021-01-11T14:15:00Z"
"Penguin Bloom","tt6317656","RY6chPJHv1w","2021-01-20T08:00:18Z"
"The Little Things","tt10016180","1HZAnkxdYuA","2020-12-22T14:00:00Z"
"Malcolm & Marie","tt12676326","CGZmwsK58M8","2021-01-08T17:00:00Z"
"Malcolm & Marie","tt12676326","7EfjneMZR5w","2021-01-08T17:09:09Z"
"Malcolm & Marie","tt12676326","DEcgPECb_js","2021-01-12T16:06:52Z"
"Palmer","tt6857376","WgOlH7QqmSk","2020-12-17T18:21:05Z"
"Palmer","tt6857376","8jVuOheTNGQ","2020-12-17T14:59:49Z"
"Palmer","tt6857376","Iu0wX2xwDf0","2020-12-06T17:54:48Z"
"Palmer","tt6857376","6vQmIarcX94","2020-01-14T05:00:00Z"
"Bliss","tt10333426","4cYsTrQQepo","2018-06-28T15:57:25Z"
"Bliss","tt10333426","wVxwHalZgKE","2020-04-26T08:27:45Z"
"Little Fish","tt9735470","lf5lYxE0c5c","2018-03-03T15:30:02Z"
"Little Fish","tt9735470","knPhaXYG4YA","2020-11-24T19:02:00Z"
"Little Fish","tt9735470","dg0cQtVisLw","2018-01-11T14:10:46Z"
"Little Fish","tt9735470","Cg-wnQKRHTs","2018-03-02T10:30:03Z"
"Son of the South","tt2235372","9yesrYPzNnM","2021-01-13T22:06:30Z"
"Son of the South","tt2235372","c1w1ORu8Vmg","2021-01-08T10:03:07Z"
"PVT Chat","tt8110004","NTtUjKAGHqU","2020-03-31T06:45:36Z"
"PVT Chat","tt8110004","40deUdulzAw","2021-01-07T18:45:00Z"
"PVT Chat","tt8110004","2ae3WbO59JI","2021-02-01T08:00:00Z"
"The Mauritanian","tt4761112","sRSGg54yvjQ","2020-12-01T17:09:56Z"
"The Mauritanian","tt4761112","7tmxxzZXLEM","2020-12-01T17:03:46Z"
"The Mauritanian","tt4761112","IH-h3h22Hck","2021-02-23T09:56:01Z"
"The Mauritanian","tt4761112","5WJSjln30BQ","2021-02-19T07:59:55Z"
"Breaking News in Yuba County","tt7737640","0R_8pclwIqg","2021-01-14T20:09:43Z"
"Breaking News in Yuba County","tt7737640","bfezS0sH8G8","2021-01-13T21:16:09Z"
"Breaking News in Yuba County","tt7737640","nlrHaz8nVB4","2021-01-18T16:57:00Z"
"Barb and Star Go to Vista Del Mar","tt3797512","yvmDgXfYPbA","2021-01-28T14:58:02Z"
"Barb and Star Go to Vista Del Mar","tt3797512","ErO7VPKw-mI","2021-01-11T14:34:56Z"
"To All the Boys: Always and Forever","tt10676012","2jPdejek5QA","2021-01-13T15:00:04Z"
"To All the Boys: Always and Forever","tt10676012","Uj5jfBuMLGU","2021-01-13T15:08:17Z"
"The World to Come","tt9738716","RhQu4tcHLeU","2021-01-14T19:59:09Z"
"Land","tt10265034","sOw20FDNnHA","2020-12-21T16:01:00Z"
"Land","tt10265034","_jR4f2_QVEU","2020-12-21T20:11:09Z"
"Willy's Wonderland","tt8114980","0v27rfaoB2Y","2021-01-15T21:00:03Z"
"The Map of Tiny Perfect Things","tt11080108","ZOxsfKQWrUg","2021-01-27T17:00:15Z"
"The Map of Tiny Perfect Things","tt11080108","ux_Mtg3BEW0","2021-01-28T09:01:25Z"
"Fear of Rain","tt10037014","jFxOxLLzjG8","2021-01-14T21:00:31Z"
"Fear of Rain","tt10037014","BUwd5M48vHc","2021-01-15T12:03:48Z"
"Fear of Rain","tt10037014","J696fsocmaI","2021-01-18T15:22:34Z"
"Fear of Rain","tt10037014","_LkrGB49Ajo","2021-02-01T21:02:24Z"
"I Care a Lot","tt9893250","D40uHmTSPew","2021-01-14T18:01:22Z"
"I Care a Lot","tt9893250","lXrnUzP5Su0","2021-01-14T18:36:58Z"
"I Care a Lot","tt9893250","oDsmrPySOh0","2021-02-17T14:21:59Z"
"Flora & Ulysses","tt8521736","05F8MmsiLQs","2021-01-14T14:00:01Z"
"Flora & Ulysses","tt8521736","AkpsRCN-bSE","2021-01-14T14:14:15Z"
"Flora & Ulysses","tt8521736","BP38lmpZk-A","2021-01-16T13:00:02Z"
"Flora & Ulysses","tt8521736","oZvNVUsq0IM","2021-02-09T12:05:10Z"
"Silk Road","tt7937254","GpMP6Nh3FvU","2019-11-20T06:20:04Z"
"Tom & Jerry","tt1361336","w3Wluvzoggg","2020-09-19T15:00:10Z"
"Tom & Jerry","tt1361336","fXuYTED14eE","2020-04-18T06:00:08Z"
"Tom & Jerry","tt1361336","cqyziA30whE","2018-02-24T16:00:04Z"
"The United States vs. Billie Holiday","tt8521718","USi-ppCfxEA","2021-01-11T20:00:16Z"
"The United States vs. Billie Holiday","tt8521718","S5kZY80E_0M","2021-01-12T11:28:09Z"
"The United States vs. Billie Holiday","tt8521718",NA,"2021-02-19T04:19:51Z"
"Cherry","tt9130508","rGeJ73yAAhQ","2019-12-13T05:00:10Z"
"Cherry","tt9130508","TR25aiSxuJY","2021-01-14T19:16:27Z"
"Cherry","tt9130508","uNuMH2i6wdI","2018-12-12T12:41:17Z"
"Billie Eilish: The World's a Little Blurry","tt11459366","7JUQvUv7QxY","2021-02-02T16:59:46Z"
"Billie Eilish: The World's a Little Blurry","tt11459366","hXbzxDUys8M","2021-02-02T18:15:01Z"
"Billie Eilish: The World's a Little Blurry","tt11459366","sf2EzBQiTr8","2020-12-15T17:03:55Z"
"The Vigil","tt10793644","JarbtubycQg","2020-07-06T21:22:16Z"
"The Vigil","tt10793644","YsMcckth7oU","2021-02-10T17:06:38Z"
"The Vigil","tt10793644","_BzIAbqS2gQ","2020-06-18T14:19:29Z"
"Moxie","tt6432466","O8r80cNwqU8","2021-02-02T15:15:20Z"
"Moxie","tt6432466","Sf34qI1hjKU","2021-02-02T15:00:05Z"
"Moxie","tt6432466","LQlNtxurleo","2020-04-28T07:42:10Z"
"Coming 2 America","tt6802400","sY8gUtyeAKE","2020-12-22T14:59:46Z"
"Coming 2 America","tt6802400","x5lrkdvEZGg","2021-02-03T17:15:24Z"
"The SpongeBob Movie: Sponge on the Run","tt4823776","a2cowVH03Xo","2021-01-28T18:18:56Z"
"The SpongeBob Movie: Sponge on the Run","tt4823776","lOLvuGV-88o","2020-11-10T17:00:10Z"
"The SpongeBob Movie: Sponge on the Run","tt4823776","neBkma9xtjM","2019-11-14T14:05:18Z"
"Chaos Walking","tt2076822","rx6ZO3PovR0","2020-11-19T14:28:16Z"
"Chaos Walking","tt2076822","nRf4ZgzHoVw","2020-11-19T14:15:09Z"
"Chaos Walking","tt2076822","vWgGkpp5ReU","2020-12-17T14:06:31Z"
"Chaos Walking","tt2076822","u-bBI7pQqh8","2020-11-19T16:12:00Z"
"Boss Level","tt7638348","9mkiY-37OG4","2021-01-19T17:09:20Z"
"Boss Level","tt7638348","Ve42txyaQJU","2021-02-17T17:10:59Z"
"Boss Level","tt7638348","PGHD0bqjZWQ","2021-02-12T17:04:43Z"
"Boss Level","tt7638348","Y6626nzUYJ4","2021-03-01T16:32:10Z"
"Boss Level","tt7638348","3H85N1TcHaM","2020-11-24T11:39:48Z"
"Boogie","tt10896398","f9wNafek7IY","2021-01-19T16:32:02Z"
"Boogie","tt10896398","dMnjT8yDr-U","2021-01-19T17:18:47Z"
"Yes Day","tt8521876","Y-3Vr8Ut8d0","2021-02-10T15:00:02Z"
"Yes Day","tt8521876","nlpylxXTSJI","2021-02-10T15:26:41Z"
"Yes Day","tt8521876","7viNG7pPm_A","2021-02-10T15:20:51Z"
"Yes Day","tt8521876","irbp567v7J8","2021-02-10T15:27:17Z"
"Cosmic Sin","tt11762434","MNxsB6o6DJs","2021-02-03T20:12:37Z"
"Cosmic Sin","tt11762434","aWFUDiQE72w","2021-02-03T23:57:45Z"
"Trust","tt3986420","pa5E4uA3ALY","2018-10-19T04:36:44Z"
"Zack Snyder's Justice League","tt12361974","vM-Bja2Gy04","2021-02-14T15:15:16Z"
"Zack Snyder's Justice League","tt12361974","ZrdQSAX2kyw","2021-03-14T19:32:17Z"
"City of Lies","tt2677722","38sHr0D5mr8","2018-08-16T18:50:45Z"
"City of Lies","tt2677722","Vct50JQORJU","2021-03-09T18:33:51Z"
"City of Lies","tt2677722","6OD7NQ7rc5U","2018-06-12T15:09:24Z"
"City of Lies","tt2677722","rTxobgjD3hE","2020-09-24T00:23:50Z"
"Happily","tt9849004","fTgJx-zmpM0","2020-08-09T23:01:00Z"
"Happily","tt9849004","ndXerJ9A0y8","2018-04-14T20:28:36Z"
"Happily","tt9849004","nagyNvw5Dmk","2021-02-09T18:59:47Z"
"Nobody","tt7888964","wZti8QKBWPo","2020-12-10T16:00:36Z"
"Nobody","tt7888964","1yBzIt_z8oY","2019-07-12T13:58:18Z"
"Nobody","tt7888964","AMptW7Ij7CI","2018-07-23T12:45:12Z"
"Nobody","tt7888964","qooWnw5rEcI","2018-06-26T12:57:46Z"
"Bad Trip","tt9684220","sqkqyRFZwbg","2019-10-09T16:30:36Z"
"Bad Trip","tt9684220","UjT9I6eb4p8","2020-03-11T14:01:49Z"
"The Seventh Day","tt11263022","HJThAgic45Q","2021-02-05T05:45:01Z"
"The Seventh Day","tt11263022","s4M-pGqr9VU","2021-03-03T17:45:01Z"
"The Seventh Day","tt11263022","LKW1TYC8_y0","2021-02-05T05:51:17Z"
"The Seventh Day","tt11263022","G0cnnX-pzXE","2020-03-20T08:00:08Z"
"Senior Moment","tt6588950","RxnkP0UthG8","2021-02-26T17:05:00Z"
"Senior Moment","tt6588950","_D-NA21E7Sk","2021-02-26T17:43:43Z"
"Senior Moment","tt6588950","NOq8SmKliKE","2021-03-03T21:31:26Z"
"Concrete Cowboy","tt8846176","WZ3dgHqaw8U","2021-03-16T15:00:01Z"
"Concrete Cowboy","tt8846176","LuiktqS_LsQ","2021-03-16T15:13:25Z"
"Concrete Cowboy","tt8846176","utFcqVy0FtI","2021-03-16T15:08:03Z"
"The Unholy","tt9419056","NmQiJPLYzPI","2021-03-11T17:00:12Z"
"Every Breath You Take","tt2231874","LPr3N4AMXNQ","2019-12-01T22:39:26Z"
"Shiva Baby","tt11317142","8uT1M9WfqYA","2021-02-18T19:21:50Z"
"Shiva Baby","tt11317142","Kh9ed_LeBr8","2021-03-23T12:45:01Z"
"Voyagers","tt9664108","EwJkexUBSeg","2021-03-15T17:44:08Z"
"Voyagers","tt9664108","LgP6lkJYhmk","2019-06-30T10:46:55Z"
"Voyagers","tt9664108","11wwx5VKThY","2021-03-02T15:01:19Z"
"Thunder Force","tt10121392","qnx6-YLXFwg","2021-03-03T18:00:01Z"
"Thunder Force","tt10121392","eKQ9qJkHYcA","2021-03-03T18:08:21Z"
"Thunder Force","tt10121392","9wTVKzgHzE8","2021-03-03T18:04:42Z"
"Thunder Force","tt10121392","wvA7-neEwdM","2021-03-30T02:41:50Z"
"Arlo the Alligator Boy","tt13454122",NA,"2021-04-13T18:18:11Z"
"Arlo the Alligator Boy","tt13454122","1skdiP2c9Ls","2021-03-26T16:00:00Z"
"Monday","tt8884906","JPgxeeDxHF8","2020-07-15T14:47:24Z"
"Monday","tt8884906","ObkWrfukomA","2019-03-19T12:08:12Z"
"Monday","tt8884906","1W5BA0lDVLM","2018-04-20T18:44:56Z"
"Monday","tt8884906","j8ajuSJjQ6A","2020-02-02T00:06:57Z"
"In the Earth","tt13429362","l1EeY5lvIcg","2021-03-25T17:15:03Z"
"In the Earth","tt13429362","3Lqkfo7IymU","2021-03-25T16:00:00Z"
"In the Earth","tt13429362","U5TkDh5LB30","2021-03-25T18:46:22Z"
"In the Earth","tt13429362","7IaFE8LN7K0","2021-03-25T16:36:10Z"
"Stowaway","tt9203694","A_apvQkWsVY","2021-03-24T13:15:01Z"
"Stowaway","tt9203694","bnJbqColjOA","2021-03-24T13:33:55Z"
"The Mitchells vs. the Machines","tt7979580","_ak5dFt8Ar0","2021-03-31T14:00:00Z"
"The Mitchells vs. the Machines","tt7979580","toBGv7yvIV8","2020-03-03T14:00:10Z"
"Things Heard & Seen","tt10962368","HCAaonjgDEA","2021-04-01T14:00:00Z"
"Things Heard & Seen","tt10962368","7mlugzz4H-s","2021-04-01T15:04:23Z"
"Things Heard & Seen","tt10962368","RbQYQQWEXug","2021-04-01T14:07:02Z"
"Without Remorse","tt0499097","e-rw2cxFVLg","2021-03-03T16:59:53Z"
"Without Remorse","tt0499097","kRpkRkO9KUI","2021-04-06T13:59:49Z"
"The Virtuoso","tt4136456","LWA2r7X7z6Y","2021-03-23T17:00:11Z"
"The Virtuoso","tt4136456","FllpiJ9OyHI","2020-03-10T06:21:25Z"
"The Virtuoso","tt4136456",NA,"2020-12-03T14:18:33Z"
"Separation","tt9173154","OWOvPJW0_Zg","2018-03-26T08:23:11Z"
"Separation","tt9173154","4fq_XZNpnyg","2021-02-24T13:00:01Z"
"Wrath of Man","tt11083552","EFYEni2gsK0","2021-03-29T15:00:09Z"
"Wrath of Man","tt11083552","my4eXuV0MbI","2021-03-29T15:15:22Z"
"The Paper Tigers","tt6060444","1zM3IpjY3CI","2021-03-12T20:28:31Z"
"The Paper Tigers","tt6060444","CU8Rpj5KFmc","2018-11-12T20:50:47Z"
"The Paper Tigers","tt6060444","bypkUrC3NsM","2021-03-17T14:14:22Z"
"Mainstream","tt9224288","eFgjONcZHsw","2021-04-06T18:00:18Z"
"Mainstream","tt9224288","Rlpm36Vi-3U","2021-04-06T18:10:22Z"
"The Water Man","tt4779326","j7yt_6ypHXU","2021-04-14T16:17:57Z"
"The Water Man","tt4779326","Z2w3PV4j98Y","2021-04-14T16:00:27Z"
"The Water Man","tt4779326","qP-7GNoDJ5c","2021-04-09T15:00:20Z"
"The Water Man","tt4779326","WHbU6s0jANc","2021-01-23T06:41:45Z"
"Above Suspicion","tt5688068","6JNIyuZJjdQ","2020-07-06T02:17:55Z"
"Above Suspicion","tt5688068","XhAXAhjZ8wg","2020-07-06T14:27:33Z"
"Reboot Camp","tt11111286","Htfy1mWI71Q","2021-04-19T20:07:39Z"
"Reboot Camp","tt11111286",NA,"2020-12-01T17:13:03Z"
